n,p_value,seed,type
500,0.0,0,off-target
500,0.615,0,target
500,0.0,1,off-target
500,0.478,1,target
500,0.0,2,off-target
500,0.532,2,target
500,0.0,3,off-target
500,0.191,3,target
500,0.0,4,off-target
500,0.896,4,target
500,0.0,5,off-target
500,0.65,5,target
500,0.0,6,off-target
500,0.55,6,target
500,0.0,7,off-target
500,0.434,7,target
500,0.0,8,off-target
500,0.349,8,target
500,0.0,9,off-target
500,0.665,9,target
500,0.0,10,off-target
500,0.585,10,target
500,0.0,11,off-target
500,0.867,11,target
500,0.0,12,off-target
500,0.426,12,target
500,0.0,13,off-target
500,0.395,13,target
500,0.0,14,off-target
500,0.619,14,target
500,0.0,15,off-target
500,0.528,15,target
500,0.0,16,off-target
500,0.921,16,target
500,0.0,17,off-target
500,0.169,17,target
500,0.0,18,off-target
500,0.027,18,target
500,0.0,19,off-target
500,0.951,19,target
500,0.0,20,off-target
500,0.602,20,target
500,0.0,21,off-target
500,0.009,21,target
500,0.0,22,off-target
500,0.558,22,target
500,0.0,23,off-target
500,0.792,23,target
500,0.0,24,off-target
500,0.865,24,target
500,0.0,25,off-target
500,0.259,25,target
500,0.0,26,off-target
500,0.114,26,target
500,0.0,27,off-target
500,0.588,27,target
500,0.0,28,off-target
500,0.143,28,target
500,0.0,29,off-target
500,0.492,29,target
500,0.0,30,off-target
500,0.467,30,target
500,0.0,31,off-target
500,0.174,31,target
500,0.0,32,off-target
500,0.514,32,target
500,0.0,33,off-target
500,0.911,33,target
500,0.0,34,off-target
500,0.026,34,target
500,0.0,35,off-target
500,0.146,35,target
500,0.0,36,off-target
500,0.558,36,target
500,0.0,37,off-target
500,0.607,37,target
500,0.0,38,off-target
500,0.949,38,target
500,0.0,39,off-target
500,0.376,39,target
500,0.0,40,off-target
500,0.805,40,target
500,0.0,41,off-target
500,0.954,41,target
500,0.0,42,off-target
500,0.16,42,target
500,0.0,43,off-target
500,0.858,43,target
500,0.0,44,off-target
500,0.147,44,target
500,0.0,45,off-target
500,0.246,45,target
500,0.0,46,off-target
500,0.266,46,target
500,0.0,47,off-target
500,0.007,47,target
500,0.0,48,off-target
500,0.047,48,target
500,0.0,49,off-target
500,0.039,49,target
500,0.0,50,off-target
500,0.815,50,target
500,0.0,51,off-target
500,0.987,51,target
500,0.0,52,off-target
500,0.058,52,target
500,0.0,53,off-target
500,0.059,53,target
500,0.0,54,off-target
500,0.489,54,target
500,0.0,55,off-target
500,0.067,55,target
500,0.0,56,off-target
500,0.587,56,target
500,0.0,57,off-target
500,0.695,57,target
500,0.0,58,off-target
500,0.694,58,target
500,0.0,59,off-target
500,0.865,59,target
500,0.0,60,off-target
500,0.456,60,target
500,0.0,61,off-target
500,0.603,61,target
500,0.0,62,off-target
500,0.97,62,target
500,0.0,63,off-target
500,0.026,63,target
500,0.0,64,off-target
500,0.617,64,target
500,0.0,65,off-target
500,0.101,65,target
500,0.0,66,off-target
500,0.908,66,target
500,0.0,67,off-target
500,0.393,67,target
500,0.0,68,off-target
500,0.865,68,target
500,0.0,69,off-target
500,0.206,69,target
500,0.0,70,off-target
500,0.65,70,target
500,0.0,71,off-target
500,0.833,71,target
500,0.0,72,off-target
500,0.025,72,target
500,0.0,73,off-target
500,0.455,73,target
500,0.0,74,off-target
500,0.421,74,target
500,0.0,75,off-target
500,0.321,75,target
500,0.0,76,off-target
500,0.698,76,target
500,0.0,77,off-target
500,0.315,77,target
500,0.0,78,off-target
500,0.891,78,target
500,0.0,79,off-target
500,0.297,79,target
500,0.0,80,off-target
500,0.398,80,target
500,0.0,81,off-target
500,0.06,81,target
500,0.0,82,off-target
500,0.363,82,target
500,0.0,83,off-target
500,0.113,83,target
500,0.0,84,off-target
500,0.699,84,target
500,0.0,85,off-target
500,0.029,85,target
500,0.0,86,off-target
500,0.033,86,target
500,0.0,87,off-target
500,0.673,87,target
500,0.0,88,off-target
500,0.943,88,target
500,0.0,89,off-target
500,0.521,89,target
500,0.0,90,off-target
500,0.319,90,target
500,0.0,91,off-target
500,0.978,91,target
500,0.0,92,off-target
500,0.686,92,target
500,0.0,93,off-target
500,0.648,93,target
500,0.0,94,off-target
500,0.927,94,target
500,0.0,95,off-target
500,0.04,95,target
500,0.0,96,off-target
500,0.483,96,target
500,0.0,97,off-target
500,0.79,97,target
500,0.0,98,off-target
500,0.013,98,target
500,0.0,99,off-target
500,0.013,99,target
500,0.0,100,off-target
500,0.621,100,target
500,0.0,101,off-target
500,0.354,101,target
500,0.0,102,off-target
500,0.437,102,target
500,0.0,103,off-target
500,0.559,103,target
500,0.0,104,off-target
500,0.158,104,target
500,0.0,105,off-target
500,0.772,105,target
500,0.0,106,off-target
500,0.756,106,target
500,0.0,107,off-target
500,0.572,107,target
500,0.0,108,off-target
500,0.895,108,target
500,0.0,109,off-target
500,0.994,109,target
500,0.0,110,off-target
500,0.293,110,target
500,0.0,111,off-target
500,0.809,111,target
500,0.0,112,off-target
500,0.646,112,target
500,0.0,113,off-target
500,0.31,113,target
500,0.0,114,off-target
500,0.793,114,target
500,0.0,115,off-target
500,0.733,115,target
500,0.0,116,off-target
500,0.969,116,target
500,0.0,117,off-target
500,0.357,117,target
500,0.0,118,off-target
500,0.452,118,target
500,0.0,119,off-target
500,0.812,119,target
500,0.0,120,off-target
500,0.772,120,target
500,0.0,121,off-target
500,0.925,121,target
500,0.0,122,off-target
500,0.832,122,target
500,0.0,123,off-target
500,0.641,123,target
500,0.0,124,off-target
500,0.993,124,target
500,0.0,125,off-target
500,0.661,125,target
500,0.0,126,off-target
500,0.891,126,target
500,0.0,127,off-target
500,0.863,127,target
500,0.0,128,off-target
500,0.264,128,target
500,0.0,129,off-target
500,0.381,129,target
500,0.0,130,off-target
500,0.543,130,target
500,0.0,131,off-target
500,0.395,131,target
500,0.0,132,off-target
500,0.434,132,target
500,0.0,133,off-target
500,0.062,133,target
500,0.0,134,off-target
500,0.558,134,target
500,0.0,135,off-target
500,0.141,135,target
500,0.0,136,off-target
500,0.388,136,target
500,0.0,137,off-target
500,0.707,137,target
500,0.0,138,off-target
500,0.287,138,target
500,0.0,139,off-target
500,0.096,139,target
500,0.0,140,off-target
500,0.512,140,target
500,0.0,141,off-target
500,0.566,141,target
500,0.0,142,off-target
500,0.499,142,target
500,0.0,143,off-target
500,0.567,143,target
500,0.0,144,off-target
500,0.022,144,target
500,0.0,145,off-target
500,0.008,145,target
500,0.0,146,off-target
500,0.765,146,target
500,0.0,147,off-target
500,0.013,147,target
500,0.0,148,off-target
500,0.807,148,target
500,0.0,149,off-target
500,0.672,149,target
500,0.0,150,off-target
500,0.29,150,target
500,0.0,151,off-target
500,0.434,151,target
500,0.0,152,off-target
500,0.164,152,target
500,0.0,153,off-target
500,0.443,153,target
500,0.0,154,off-target
500,0.63,154,target
500,0.0,155,off-target
500,0.032,155,target
500,0.0,156,off-target
500,0.939,156,target
500,0.0,157,off-target
500,0.109,157,target
500,0.0,158,off-target
500,0.572,158,target
500,0.0,159,off-target
500,0.228,159,target
500,0.0,160,off-target
500,0.687,160,target
500,0.0,161,off-target
500,0.457,161,target
500,0.0,162,off-target
500,0.918,162,target
500,0.0,163,off-target
500,0.116,163,target
500,0.0,164,off-target
500,0.38,164,target
500,0.0,165,off-target
500,0.317,165,target
500,0.0,166,off-target
500,0.401,166,target
500,0.0,167,off-target
500,0.136,167,target
500,0.0,168,off-target
500,0.441,168,target
500,0.0,169,off-target
500,0.672,169,target
500,0.0,170,off-target
500,0.306,170,target
500,0.0,171,off-target
500,0.324,171,target
500,0.0,172,off-target
500,0.821,172,target
500,0.0,173,off-target
500,0.688,173,target
500,0.0,174,off-target
500,0.085,174,target
500,0.0,175,off-target
500,0.204,175,target
500,0.0,176,off-target
500,0.267,176,target
500,0.0,177,off-target
500,0.1,177,target
500,0.0,178,off-target
500,0.917,178,target
500,0.0,179,off-target
500,0.092,179,target
500,0.0,180,off-target
500,0.149,180,target
500,0.0,181,off-target
500,0.04,181,target
500,0.0,182,off-target
500,0.692,182,target
500,0.0,183,off-target
500,0.743,183,target
500,0.0,184,off-target
500,0.932,184,target
500,0.0,185,off-target
500,0.914,185,target
500,0.0,186,off-target
500,0.329,186,target
500,0.0,187,off-target
500,0.926,187,target
500,0.0,188,off-target
500,0.74,188,target
500,0.0,189,off-target
500,0.986,189,target
500,0.0,190,off-target
500,0.665,190,target
500,0.0,191,off-target
500,0.487,191,target
500,0.0,192,off-target
500,0.398,192,target
500,0.0,193,off-target
500,0.362,193,target
500,0.0,194,off-target
500,0.662,194,target
500,0.0,195,off-target
500,0.913,195,target
500,0.0,196,off-target
500,0.456,196,target
500,0.0,197,off-target
500,0.062,197,target
500,0.0,198,off-target
500,0.177,198,target
500,0.0,199,off-target
500,0.519,199,target
500,0.0,200,off-target
500,0.013,200,target
500,0.0,201,off-target
500,0.185,201,target
500,0.0,202,off-target
500,0.33,202,target
500,0.0,203,off-target
500,0.381,203,target
500,0.0,204,off-target
500,0.723,204,target
500,0.0,205,off-target
500,0.055,205,target
500,0.0,206,off-target
500,0.025,206,target
500,0.0,207,off-target
500,0.187,207,target
500,0.0,208,off-target
500,0.471,208,target
500,0.0,209,off-target
500,0.27,209,target
500,0.0,210,off-target
500,0.445,210,target
500,0.0,211,off-target
500,0.66,211,target
500,0.0,212,off-target
500,0.113,212,target
500,0.0,213,off-target
500,0.198,213,target
500,0.0,214,off-target
500,0.275,214,target
500,0.0,215,off-target
500,0.567,215,target
500,0.0,216,off-target
500,0.811,216,target
500,0.0,217,off-target
500,0.993,217,target
500,0.0,218,off-target
500,0.137,218,target
500,0.0,219,off-target
500,0.466,219,target
500,0.0,220,off-target
500,0.187,220,target
500,0.0,221,off-target
500,0.406,221,target
500,0.0,222,off-target
500,0.179,222,target
500,0.0,223,off-target
500,0.56,223,target
500,0.0,224,off-target
500,0.088,224,target
500,0.0,225,off-target
500,0.058,225,target
500,0.0,226,off-target
500,0.885,226,target
500,0.0,227,off-target
500,0.127,227,target
500,0.0,228,off-target
500,0.903,228,target
500,0.0,229,off-target
500,0.693,229,target
500,0.0,230,off-target
500,0.6,230,target
500,0.0,231,off-target
500,0.007,231,target
500,0.0,232,off-target
500,0.605,232,target
500,0.0,233,off-target
500,0.703,233,target
500,0.0,234,off-target
500,1.0,234,target
500,0.0,235,off-target
500,0.779,235,target
500,0.0,236,off-target
500,0.081,236,target
500,0.0,237,off-target
500,0.665,237,target
500,0.0,238,off-target
500,0.697,238,target
500,0.0,239,off-target
500,0.805,239,target
500,0.0,240,off-target
500,0.389,240,target
500,0.0,241,off-target
500,0.257,241,target
500,0.0,242,off-target
500,0.816,242,target
500,0.0,243,off-target
500,0.588,243,target
500,0.0,244,off-target
500,0.659,244,target
500,0.0,245,off-target
500,0.388,245,target
500,0.0,246,off-target
500,0.776,246,target
500,0.0,247,off-target
500,0.093,247,target
500,0.0,248,off-target
500,0.945,248,target
500,0.0,249,off-target
500,0.075,249,target
500,0.0,250,off-target
500,0.177,250,target
500,0.0,251,off-target
500,0.065,251,target
500,0.0,252,off-target
500,0.899,252,target
500,0.0,253,off-target
500,0.955,253,target
500,0.0,254,off-target
500,0.399,254,target
500,0.0,255,off-target
500,0.074,255,target
500,0.0,256,off-target
500,0.456,256,target
500,0.0,257,off-target
500,0.899,257,target
500,0.0,258,off-target
500,0.909,258,target
500,0.0,259,off-target
500,0.559,259,target
500,0.0,260,off-target
500,0.234,260,target
500,0.0,261,off-target
500,0.75,261,target
500,0.0,262,off-target
500,0.045,262,target
500,0.0,263,off-target
500,0.571,263,target
500,0.0,264,off-target
500,0.985,264,target
500,0.0,265,off-target
500,0.472,265,target
500,0.0,266,off-target
500,0.87,266,target
500,0.0,267,off-target
500,0.258,267,target
500,0.0,268,off-target
500,0.276,268,target
500,0.0,269,off-target
500,0.716,269,target
500,0.0,270,off-target
500,0.507,270,target
500,0.0,271,off-target
500,0.115,271,target
500,0.0,272,off-target
500,0.548,272,target
500,0.0,273,off-target
500,0.127,273,target
500,0.0,274,off-target
500,0.888,274,target
500,0.0,275,off-target
500,0.489,275,target
500,0.0,276,off-target
500,0.921,276,target
500,0.0,277,off-target
500,0.14,277,target
500,0.0,278,off-target
500,0.344,278,target
500,0.0,279,off-target
500,0.315,279,target
500,0.0,280,off-target
500,0.807,280,target
500,0.0,281,off-target
500,0.115,281,target
500,0.0,282,off-target
500,0.732,282,target
500,0.0,283,off-target
500,0.822,283,target
500,0.0,284,off-target
500,0.543,284,target
500,0.0,285,off-target
500,0.523,285,target
500,0.0,286,off-target
500,0.948,286,target
500,0.0,287,off-target
500,0.051,287,target
500,0.0,288,off-target
500,0.293,288,target
500,0.0,289,off-target
500,0.916,289,target
500,0.0,290,off-target
500,0.27,290,target
500,0.0,291,off-target
500,0.503,291,target
500,0.0,292,off-target
500,0.162,292,target
500,0.0,293,off-target
500,0.495,293,target
500,0.0,294,off-target
500,0.483,294,target
500,0.0,295,off-target
500,0.371,295,target
500,0.0,296,off-target
500,0.158,296,target
500,0.0,297,off-target
500,0.68,297,target
500,0.0,298,off-target
500,0.142,298,target
500,0.0,299,off-target
500,0.456,299,target
500,0.0,300,off-target
500,0.351,300,target
500,0.0,301,off-target
500,0.08,301,target
500,0.0,302,off-target
500,0.294,302,target
500,0.0,303,off-target
500,0.92,303,target
500,0.0,304,off-target
500,0.58,304,target
500,0.0,305,off-target
500,0.208,305,target
500,0.0,306,off-target
500,0.502,306,target
500,0.0,307,off-target
500,0.772,307,target
500,0.0,308,off-target
500,0.468,308,target
500,0.0,309,off-target
500,0.347,309,target
500,0.0,310,off-target
500,0.058,310,target
500,0.0,311,off-target
500,0.913,311,target
500,0.0,312,off-target
500,0.972,312,target
500,0.0,313,off-target
500,0.033,313,target
500,0.0,314,off-target
500,0.251,314,target
500,0.0,315,off-target
500,0.508,315,target
500,0.0,316,off-target
500,0.987,316,target
500,0.0,317,off-target
500,0.96,317,target
500,0.0,318,off-target
500,0.583,318,target
500,0.0,319,off-target
500,0.769,319,target
500,0.0,320,off-target
500,0.817,320,target
500,0.0,321,off-target
500,0.039,321,target
500,0.0,322,off-target
500,0.155,322,target
500,0.0,323,off-target
500,0.556,323,target
500,0.0,324,off-target
500,0.431,324,target
500,0.0,325,off-target
500,0.659,325,target
500,0.0,326,off-target
500,0.239,326,target
500,0.0,327,off-target
500,0.193,327,target
500,0.0,328,off-target
500,0.527,328,target
500,0.0,329,off-target
500,0.63,329,target
500,0.0,330,off-target
500,0.632,330,target
500,0.0,331,off-target
500,0.852,331,target
500,0.0,332,off-target
500,0.364,332,target
500,0.0,333,off-target
500,0.89,333,target
500,0.0,334,off-target
500,0.824,334,target
500,0.0,335,off-target
500,0.046,335,target
500,0.0,336,off-target
500,0.872,336,target
500,0.0,337,off-target
500,0.572,337,target
500,0.0,338,off-target
500,0.639,338,target
500,0.0,339,off-target
500,0.152,339,target
500,0.0,340,off-target
500,0.641,340,target
500,0.0,341,off-target
500,0.975,341,target
500,0.0,342,off-target
500,0.023,342,target
500,0.0,343,off-target
500,0.777,343,target
500,0.0,344,off-target
500,0.876,344,target
500,0.0,345,off-target
500,0.853,345,target
500,0.0,346,off-target
500,0.347,346,target
500,0.0,347,off-target
500,0.766,347,target
500,0.0,348,off-target
500,0.269,348,target
500,0.0,349,off-target
500,0.753,349,target
500,0.0,350,off-target
500,0.069,350,target
500,0.0,351,off-target
500,0.691,351,target
500,0.0,352,off-target
500,0.329,352,target
500,0.0,353,off-target
500,0.954,353,target
500,0.0,354,off-target
500,0.888,354,target
500,0.0,355,off-target
500,0.329,355,target
500,0.0,356,off-target
500,0.575,356,target
500,0.0,357,off-target
500,0.243,357,target
500,0.0,358,off-target
500,0.383,358,target
500,0.0,359,off-target
500,0.233,359,target
500,0.0,360,off-target
500,0.222,360,target
500,0.0,361,off-target
500,0.972,361,target
500,0.0,362,off-target
500,0.693,362,target
500,0.0,363,off-target
500,0.644,363,target
500,0.0,364,off-target
500,0.072,364,target
500,0.0,365,off-target
500,0.921,365,target
500,0.0,366,off-target
500,0.415,366,target
500,0.0,367,off-target
500,0.459,367,target
500,0.0,368,off-target
500,0.431,368,target
500,0.0,369,off-target
500,0.705,369,target
500,0.0,370,off-target
500,0.888,370,target
500,0.0,371,off-target
500,0.596,371,target
500,0.0,372,off-target
500,0.268,372,target
500,0.0,373,off-target
500,0.965,373,target
500,0.0,374,off-target
500,0.714,374,target
500,0.0,375,off-target
500,0.202,375,target
500,0.0,376,off-target
500,0.517,376,target
500,0.0,377,off-target
500,0.913,377,target
500,0.0,378,off-target
500,0.593,378,target
500,0.0,379,off-target
500,0.158,379,target
500,0.0,380,off-target
500,0.856,380,target
500,0.0,381,off-target
500,0.604,381,target
500,0.0,382,off-target
500,0.181,382,target
500,0.0,383,off-target
500,0.881,383,target
500,0.0,384,off-target
500,0.353,384,target
500,0.0,385,off-target
500,0.716,385,target
500,0.0,386,off-target
500,0.98,386,target
500,0.0,387,off-target
500,0.271,387,target
500,0.0,388,off-target
500,0.398,388,target
500,0.0,389,off-target
500,0.656,389,target
500,0.0,390,off-target
500,0.873,390,target
500,0.0,391,off-target
500,0.053,391,target
500,0.0,392,off-target
500,0.346,392,target
500,0.0,393,off-target
500,0.94,393,target
500,0.0,394,off-target
500,0.407,394,target
500,0.0,395,off-target
500,0.771,395,target
500,0.0,396,off-target
500,0.359,396,target
500,0.0,397,off-target
500,0.494,397,target
500,0.0,398,off-target
500,0.472,398,target
500,0.0,399,off-target
500,0.145,399,target
500,0.0,400,off-target
500,0.456,400,target
500,0.0,401,off-target
500,0.732,401,target
500,0.0,402,off-target
500,0.508,402,target
500,0.0,403,off-target
500,0.892,403,target
500,0.0,404,off-target
500,0.076,404,target
500,0.0,405,off-target
500,0.048,405,target
500,0.0,406,off-target
500,0.67,406,target
500,0.0,407,off-target
500,0.84,407,target
500,0.0,408,off-target
500,0.475,408,target
500,0.0,409,off-target
500,0.702,409,target
500,0.0,410,off-target
500,0.883,410,target
500,0.0,411,off-target
500,0.72,411,target
500,0.0,412,off-target
500,0.416,412,target
500,0.0,413,off-target
500,0.281,413,target
500,0.0,414,off-target
500,0.546,414,target
500,0.0,415,off-target
500,0.294,415,target
500,0.0,416,off-target
500,0.47,416,target
500,0.0,417,off-target
500,0.657,417,target
500,0.0,418,off-target
500,0.807,418,target
500,0.0,419,off-target
500,0.44,419,target
500,0.0,420,off-target
500,0.567,420,target
500,0.0,421,off-target
500,0.191,421,target
500,0.0,422,off-target
500,0.289,422,target
500,0.0,423,off-target
500,0.677,423,target
500,0.0,424,off-target
500,0.653,424,target
500,0.0,425,off-target
500,0.318,425,target
500,0.0,426,off-target
500,0.746,426,target
500,0.0,427,off-target
500,0.852,427,target
500,0.0,428,off-target
500,0.485,428,target
500,0.0,429,off-target
500,0.587,429,target
500,0.0,430,off-target
500,0.404,430,target
500,0.0,431,off-target
500,0.965,431,target
500,0.0,432,off-target
500,0.524,432,target
500,0.0,433,off-target
500,0.711,433,target
500,0.0,434,off-target
500,0.424,434,target
500,0.0,435,off-target
500,0.299,435,target
500,0.0,436,off-target
500,0.525,436,target
500,0.0,437,off-target
500,0.247,437,target
500,0.0,438,off-target
500,0.792,438,target
500,0.0,439,off-target
500,0.695,439,target
500,0.0,440,off-target
500,0.101,440,target
500,0.0,441,off-target
500,0.738,441,target
500,0.0,442,off-target
500,0.241,442,target
500,0.0,443,off-target
500,0.692,443,target
500,0.0,444,off-target
500,0.85,444,target
500,0.0,445,off-target
500,0.655,445,target
500,0.0,446,off-target
500,0.282,446,target
500,0.0,447,off-target
500,0.816,447,target
500,0.0,448,off-target
500,0.253,448,target
500,0.0,449,off-target
500,0.543,449,target
500,0.0,450,off-target
500,0.794,450,target
500,0.0,451,off-target
500,0.993,451,target
500,0.0,452,off-target
500,0.008,452,target
500,0.0,453,off-target
500,0.939,453,target
500,0.0,454,off-target
500,0.781,454,target
500,0.0,455,off-target
500,0.542,455,target
500,0.0,456,off-target
500,0.841,456,target
500,0.0,457,off-target
500,0.461,457,target
500,0.0,458,off-target
500,0.561,458,target
500,0.0,459,off-target
500,0.221,459,target
500,0.0,460,off-target
500,0.474,460,target
500,0.0,461,off-target
500,0.667,461,target
500,0.0,462,off-target
500,0.882,462,target
500,0.0,463,off-target
500,0.7,463,target
500,0.0,464,off-target
500,0.094,464,target
500,0.0,465,off-target
500,0.698,465,target
500,0.0,466,off-target
500,0.406,466,target
500,0.0,467,off-target
500,0.794,467,target
500,0.0,468,off-target
500,0.261,468,target
500,0.0,469,off-target
500,0.192,469,target
500,0.0,470,off-target
500,0.242,470,target
500,0.0,471,off-target
500,0.533,471,target
500,0.0,472,off-target
500,0.335,472,target
500,0.0,473,off-target
500,0.828,473,target
500,0.0,474,off-target
500,0.434,474,target
500,0.0,475,off-target
500,0.537,475,target
500,0.0,476,off-target
500,0.714,476,target
500,0.0,477,off-target
500,0.606,477,target
500,0.0,478,off-target
500,0.362,478,target
500,0.0,479,off-target
500,0.05,479,target
500,0.0,480,off-target
500,0.061,480,target
500,0.0,481,off-target
500,0.254,481,target
500,0.0,482,off-target
500,0.069,482,target
500,0.0,483,off-target
500,0.346,483,target
500,0.0,484,off-target
500,0.576,484,target
500,0.0,485,off-target
500,0.125,485,target
500,0.0,486,off-target
500,0.372,486,target
500,0.0,487,off-target
500,0.474,487,target
500,0.0,488,off-target
500,0.296,488,target
500,0.0,489,off-target
500,0.805,489,target
500,0.0,490,off-target
500,0.186,490,target
500,0.0,491,off-target
500,0.47,491,target
500,0.0,492,off-target
500,0.115,492,target
500,0.0,493,off-target
500,0.191,493,target
500,0.0,494,off-target
500,0.958,494,target
500,0.0,495,off-target
500,0.627,495,target
500,0.0,496,off-target
500,0.55,496,target
500,0.0,497,off-target
500,0.891,497,target
500,0.0,498,off-target
500,0.602,498,target
500,0.0,499,off-target
500,0.98,499,target
500,0.0,500,off-target
500,0.85,500,target
500,0.0,501,off-target
500,0.917,501,target
500,0.0,502,off-target
500,0.278,502,target
500,0.0,503,off-target
500,0.941,503,target
500,0.0,504,off-target
500,0.243,504,target
500,0.0,505,off-target
500,0.694,505,target
500,0.0,506,off-target
500,0.082,506,target
500,0.0,507,off-target
500,0.313,507,target
500,0.0,508,off-target
500,0.344,508,target
500,0.0,509,off-target
500,0.604,509,target
500,0.0,510,off-target
500,0.846,510,target
500,0.0,511,off-target
500,0.83,511,target
500,0.0,512,off-target
500,0.488,512,target
500,0.0,513,off-target
500,0.852,513,target
500,0.0,514,off-target
500,0.232,514,target
500,0.0,515,off-target
500,0.085,515,target
500,0.0,516,off-target
500,0.726,516,target
500,0.0,517,off-target
500,0.508,517,target
500,0.0,518,off-target
500,0.16,518,target
500,0.0,519,off-target
500,0.981,519,target
500,0.0,520,off-target
500,0.697,520,target
500,0.0,521,off-target
500,0.035,521,target
500,0.0,522,off-target
500,0.282,522,target
500,0.0,523,off-target
500,0.1,523,target
500,0.0,524,off-target
500,0.977,524,target
500,0.0,525,off-target
500,0.136,525,target
500,0.0,526,off-target
500,0.515,526,target
500,0.0,527,off-target
500,0.518,527,target
500,0.0,528,off-target
500,0.122,528,target
500,0.0,529,off-target
500,0.923,529,target
500,0.0,530,off-target
500,0.66,530,target
500,0.0,531,off-target
500,0.658,531,target
500,0.0,532,off-target
500,0.37,532,target
500,0.0,533,off-target
500,0.161,533,target
500,0.0,534,off-target
500,0.7,534,target
500,0.0,535,off-target
500,0.088,535,target
500,0.0,536,off-target
500,0.821,536,target
500,0.0,537,off-target
500,0.094,537,target
500,0.0,538,off-target
500,0.63,538,target
500,0.0,539,off-target
500,0.172,539,target
500,0.0,540,off-target
500,0.819,540,target
500,0.0,541,off-target
500,0.36,541,target
500,0.0,542,off-target
500,0.345,542,target
500,0.0,543,off-target
500,0.76,543,target
500,0.0,544,off-target
500,0.204,544,target
500,0.0,545,off-target
500,0.987,545,target
500,0.0,546,off-target
500,0.642,546,target
500,0.0,547,off-target
500,0.112,547,target
500,0.0,548,off-target
500,0.467,548,target
500,0.0,549,off-target
500,0.913,549,target
500,0.0,550,off-target
500,0.128,550,target
500,0.0,551,off-target
500,0.422,551,target
500,0.0,552,off-target
500,0.985,552,target
500,0.0,553,off-target
500,0.905,553,target
500,0.0,554,off-target
500,0.362,554,target
500,0.0,555,off-target
500,0.287,555,target
500,0.0,556,off-target
500,0.6,556,target
500,0.0,557,off-target
500,0.998,557,target
500,0.0,558,off-target
500,0.451,558,target
500,0.0,559,off-target
500,0.047,559,target
500,0.0,560,off-target
500,0.471,560,target
500,0.0,561,off-target
500,0.167,561,target
500,0.0,562,off-target
500,0.771,562,target
500,0.0,563,off-target
500,0.896,563,target
500,0.0,564,off-target
500,0.162,564,target
500,0.0,565,off-target
500,0.783,565,target
500,0.0,566,off-target
500,0.227,566,target
500,0.0,567,off-target
500,0.742,567,target
500,0.0,568,off-target
500,0.118,568,target
500,0.0,569,off-target
500,0.585,569,target
500,0.0,570,off-target
500,0.22,570,target
500,0.0,571,off-target
500,0.015,571,target
500,0.0,572,off-target
500,0.909,572,target
500,0.0,573,off-target
500,0.912,573,target
500,0.0,574,off-target
500,0.471,574,target
500,0.0,575,off-target
500,0.473,575,target
500,0.0,576,off-target
500,0.023,576,target
500,0.0,577,off-target
500,0.658,577,target
500,0.0,578,off-target
500,0.069,578,target
500,0.0,579,off-target
500,0.022,579,target
500,0.0,580,off-target
500,0.318,580,target
500,0.0,581,off-target
500,0.739,581,target
500,0.0,582,off-target
500,0.004,582,target
500,0.0,583,off-target
500,0.747,583,target
500,0.0,584,off-target
500,0.754,584,target
500,0.0,585,off-target
500,0.148,585,target
500,0.0,586,off-target
500,0.743,586,target
500,0.0,587,off-target
500,0.416,587,target
500,0.0,588,off-target
500,0.128,588,target
500,0.0,589,off-target
500,0.456,589,target
500,0.0,590,off-target
500,0.061,590,target
500,0.0,591,off-target
500,0.691,591,target
500,0.0,592,off-target
500,0.735,592,target
500,0.0,593,off-target
500,0.717,593,target
500,0.0,594,off-target
500,0.898,594,target
500,0.0,595,off-target
500,0.057,595,target
500,0.0,596,off-target
500,0.587,596,target
500,0.0,597,off-target
500,0.55,597,target
500,0.0,598,off-target
500,0.757,598,target
500,0.0,599,off-target
500,0.927,599,target
500,0.0,600,off-target
500,0.131,600,target
500,0.0,601,off-target
500,0.426,601,target
500,0.0,602,off-target
500,0.335,602,target
500,0.0,603,off-target
500,0.821,603,target
500,0.0,604,off-target
500,0.951,604,target
500,0.0,605,off-target
500,0.968,605,target
500,0.0,606,off-target
500,0.376,606,target
500,0.0,607,off-target
500,0.212,607,target
500,0.0,608,off-target
500,0.568,608,target
500,0.0,609,off-target
500,0.982,609,target
500,0.0,610,off-target
500,0.729,610,target
500,0.0,611,off-target
500,0.563,611,target
500,0.0,612,off-target
500,0.98,612,target
500,0.0,613,off-target
500,0.022,613,target
500,0.0,614,off-target
500,0.094,614,target
500,0.0,615,off-target
500,0.595,615,target
500,0.0,616,off-target
500,0.707,616,target
500,0.0,617,off-target
500,0.568,617,target
500,0.0,618,off-target
500,0.333,618,target
500,0.0,619,off-target
500,0.461,619,target
500,0.0,620,off-target
500,0.17,620,target
500,0.0,621,off-target
500,0.334,621,target
500,0.0,622,off-target
500,0.921,622,target
500,0.0,623,off-target
500,0.532,623,target
500,0.0,624,off-target
500,0.033,624,target
500,0.0,625,off-target
500,0.227,625,target
500,0.0,626,off-target
500,0.59,626,target
500,0.0,627,off-target
500,0.695,627,target
500,0.0,628,off-target
500,0.165,628,target
500,0.0,629,off-target
500,0.964,629,target
500,0.0,630,off-target
500,0.074,630,target
500,0.0,631,off-target
500,0.972,631,target
500,0.0,632,off-target
500,0.293,632,target
500,0.0,633,off-target
500,0.39,633,target
500,0.0,634,off-target
500,0.112,634,target
500,0.0,635,off-target
500,0.38,635,target
500,0.0,636,off-target
500,0.174,636,target
500,0.0,637,off-target
500,0.079,637,target
500,0.0,638,off-target
500,0.683,638,target
500,0.0,639,off-target
500,0.72,639,target
500,0.0,640,off-target
500,0.439,640,target
500,0.0,641,off-target
500,0.84,641,target
500,0.0,642,off-target
500,0.449,642,target
500,0.0,643,off-target
500,0.139,643,target
500,0.0,644,off-target
500,0.463,644,target
500,0.0,645,off-target
500,0.612,645,target
500,0.0,646,off-target
500,0.345,646,target
500,0.0,647,off-target
500,0.982,647,target
500,0.0,648,off-target
500,0.976,648,target
500,0.0,649,off-target
500,0.415,649,target
500,0.0,650,off-target
500,0.968,650,target
500,0.0,651,off-target
500,0.34,651,target
500,0.0,652,off-target
500,0.334,652,target
500,0.0,653,off-target
500,0.96,653,target
500,0.0,654,off-target
500,0.685,654,target
500,0.0,655,off-target
500,0.287,655,target
500,0.0,656,off-target
500,0.97,656,target
500,0.0,657,off-target
500,0.568,657,target
500,0.0,658,off-target
500,0.807,658,target
500,0.0,659,off-target
500,0.362,659,target
500,0.0,660,off-target
500,0.508,660,target
500,0.0,661,off-target
500,0.944,661,target
500,0.0,662,off-target
500,0.487,662,target
500,0.0,663,off-target
500,0.064,663,target
500,0.0,664,off-target
500,0.599,664,target
500,0.0,665,off-target
500,0.759,665,target
500,0.0,666,off-target
500,0.952,666,target
500,0.0,667,off-target
500,0.704,667,target
500,0.0,668,off-target
500,0.297,668,target
500,0.0,669,off-target
500,0.265,669,target
500,0.0,670,off-target
500,0.659,670,target
500,0.0,671,off-target
500,0.188,671,target
500,0.0,672,off-target
500,0.795,672,target
500,0.0,673,off-target
500,0.864,673,target
500,0.0,674,off-target
500,0.768,674,target
500,0.0,675,off-target
500,0.724,675,target
500,0.0,676,off-target
500,0.138,676,target
500,0.0,677,off-target
500,0.657,677,target
500,0.0,678,off-target
500,0.926,678,target
500,0.0,679,off-target
500,0.061,679,target
500,0.0,680,off-target
500,0.33,680,target
500,0.0,681,off-target
500,0.768,681,target
500,0.0,682,off-target
500,0.117,682,target
500,0.0,683,off-target
500,0.924,683,target
500,0.0,684,off-target
500,0.36,684,target
500,0.0,685,off-target
500,0.86,685,target
500,0.0,686,off-target
500,0.006,686,target
500,0.0,687,off-target
500,0.015,687,target
500,0.0,688,off-target
500,0.318,688,target
500,0.0,689,off-target
500,0.042,689,target
500,0.0,690,off-target
500,0.001,690,target
500,0.0,691,off-target
500,0.524,691,target
500,0.0,692,off-target
500,0.291,692,target
500,0.0,693,off-target
500,0.472,693,target
500,0.0,694,off-target
500,0.907,694,target
500,0.0,695,off-target
500,0.69,695,target
500,0.0,696,off-target
500,0.394,696,target
500,0.0,697,off-target
500,0.055,697,target
500,0.0,698,off-target
500,0.636,698,target
500,0.0,699,off-target
500,0.696,699,target
500,0.0,700,off-target
500,0.236,700,target
500,0.0,701,off-target
500,0.885,701,target
500,0.0,702,off-target
500,0.629,702,target
500,0.0,703,off-target
500,0.193,703,target
500,0.0,704,off-target
500,0.28,704,target
500,0.0,705,off-target
500,0.667,705,target
500,0.0,706,off-target
500,0.032,706,target
500,0.0,707,off-target
500,0.73,707,target
500,0.0,708,off-target
500,0.131,708,target
500,0.0,709,off-target
500,0.429,709,target
500,0.0,710,off-target
500,0.803,710,target
500,0.0,711,off-target
500,0.853,711,target
500,0.0,712,off-target
500,0.267,712,target
500,0.0,713,off-target
500,0.953,713,target
500,0.0,714,off-target
500,0.875,714,target
500,0.0,715,off-target
500,0.778,715,target
500,0.0,716,off-target
500,0.757,716,target
500,0.0,717,off-target
500,0.746,717,target
500,0.0,718,off-target
500,0.898,718,target
500,0.0,719,off-target
500,0.935,719,target
500,0.0,720,off-target
500,0.932,720,target
500,0.0,721,off-target
500,0.603,721,target
500,0.0,722,off-target
500,0.664,722,target
500,0.0,723,off-target
500,0.793,723,target
500,0.0,724,off-target
500,0.055,724,target
500,0.0,725,off-target
500,0.778,725,target
500,0.0,726,off-target
500,0.344,726,target
500,0.0,727,off-target
500,0.798,727,target
500,0.0,728,off-target
500,0.35,728,target
500,0.0,729,off-target
500,0.271,729,target
500,0.0,730,off-target
500,0.513,730,target
500,0.0,731,off-target
500,0.028,731,target
500,0.0,732,off-target
500,0.163,732,target
500,0.0,733,off-target
500,0.351,733,target
500,0.0,734,off-target
500,0.828,734,target
500,0.0,735,off-target
500,0.007,735,target
500,0.0,736,off-target
500,0.891,736,target
500,0.0,737,off-target
500,0.929,737,target
500,0.0,738,off-target
500,0.418,738,target
500,0.0,739,off-target
500,0.444,739,target
500,0.0,740,off-target
500,0.44,740,target
500,0.0,741,off-target
500,0.104,741,target
500,0.0,742,off-target
500,0.582,742,target
500,0.0,743,off-target
500,0.886,743,target
500,0.0,744,off-target
500,0.262,744,target
500,0.0,745,off-target
500,0.591,745,target
500,0.0,746,off-target
500,0.654,746,target
500,0.0,747,off-target
500,0.138,747,target
500,0.0,748,off-target
500,0.724,748,target
500,0.0,749,off-target
500,0.309,749,target
500,0.0,750,off-target
500,0.039,750,target
500,0.0,751,off-target
500,0.018,751,target
500,0.0,752,off-target
500,0.853,752,target
500,0.0,753,off-target
500,0.819,753,target
500,0.0,754,off-target
500,0.799,754,target
500,0.0,755,off-target
500,0.934,755,target
500,0.0,756,off-target
500,0.136,756,target
500,0.0,757,off-target
500,0.156,757,target
500,0.0,758,off-target
500,0.339,758,target
500,0.0,759,off-target
500,0.531,759,target
500,0.0,760,off-target
500,0.453,760,target
500,0.0,761,off-target
500,0.554,761,target
500,0.0,762,off-target
500,0.182,762,target
500,0.0,763,off-target
500,0.971,763,target
500,0.0,764,off-target
500,0.232,764,target
500,0.0,765,off-target
500,0.185,765,target
500,0.0,766,off-target
500,0.736,766,target
500,0.0,767,off-target
500,0.493,767,target
500,0.0,768,off-target
500,0.168,768,target
500,0.0,769,off-target
500,0.57,769,target
500,0.0,770,off-target
500,0.415,770,target
500,0.0,771,off-target
500,0.354,771,target
500,0.0,772,off-target
500,0.232,772,target
500,0.0,773,off-target
500,0.901,773,target
500,0.0,774,off-target
500,0.781,774,target
500,0.0,775,off-target
500,0.98,775,target
500,0.0,776,off-target
500,0.709,776,target
500,0.0,777,off-target
500,0.281,777,target
500,0.0,778,off-target
500,0.11,778,target
500,0.0,779,off-target
500,0.318,779,target
500,0.0,780,off-target
500,0.167,780,target
500,0.0,781,off-target
500,0.841,781,target
500,0.0,782,off-target
500,0.8,782,target
500,0.0,783,off-target
500,0.749,783,target
500,0.0,784,off-target
500,0.267,784,target
500,0.0,785,off-target
500,0.824,785,target
500,0.0,786,off-target
500,0.895,786,target
500,0.0,787,off-target
500,0.098,787,target
500,0.0,788,off-target
500,0.272,788,target
500,0.0,789,off-target
500,0.842,789,target
500,0.0,790,off-target
500,0.722,790,target
500,0.0,791,off-target
500,0.414,791,target
500,0.0,792,off-target
500,0.884,792,target
500,0.0,793,off-target
500,0.433,793,target
500,0.0,794,off-target
500,0.897,794,target
500,0.0,795,off-target
500,0.598,795,target
500,0.0,796,off-target
500,0.366,796,target
500,0.0,797,off-target
500,0.521,797,target
500,0.0,798,off-target
500,0.037,798,target
500,0.0,799,off-target
500,0.797,799,target
500,0.0,800,off-target
500,0.283,800,target
500,0.0,801,off-target
500,0.563,801,target
500,0.0,802,off-target
500,0.654,802,target
500,0.0,803,off-target
500,0.537,803,target
500,0.0,804,off-target
500,0.415,804,target
500,0.0,805,off-target
500,0.959,805,target
500,0.0,806,off-target
500,0.746,806,target
500,0.0,807,off-target
500,0.081,807,target
500,0.0,808,off-target
500,0.546,808,target
500,0.0,809,off-target
500,0.968,809,target
500,0.0,810,off-target
500,0.881,810,target
500,0.0,811,off-target
500,0.425,811,target
500,0.0,812,off-target
500,0.251,812,target
500,0.0,813,off-target
500,0.966,813,target
500,0.0,814,off-target
500,0.349,814,target
500,0.0,815,off-target
500,0.657,815,target
500,0.0,816,off-target
500,0.961,816,target
500,0.0,817,off-target
500,0.144,817,target
500,0.0,818,off-target
500,0.49,818,target
500,0.0,819,off-target
500,0.222,819,target
500,0.0,820,off-target
500,0.554,820,target
500,0.0,821,off-target
500,0.026,821,target
500,0.0,822,off-target
500,0.048,822,target
500,0.0,823,off-target
500,0.386,823,target
500,0.0,824,off-target
500,0.164,824,target
500,0.0,825,off-target
500,0.119,825,target
500,0.0,826,off-target
500,0.695,826,target
500,0.0,827,off-target
500,0.238,827,target
500,0.0,828,off-target
500,0.899,828,target
500,0.0,829,off-target
500,0.835,829,target
500,0.0,830,off-target
500,0.051,830,target
500,0.0,831,off-target
500,0.826,831,target
500,0.0,832,off-target
500,0.906,832,target
500,0.0,833,off-target
500,0.107,833,target
500,0.0,834,off-target
500,0.474,834,target
500,0.0,835,off-target
500,0.699,835,target
500,0.0,836,off-target
500,0.852,836,target
500,0.0,837,off-target
500,0.572,837,target
500,0.0,838,off-target
500,0.531,838,target
500,0.0,839,off-target
500,0.435,839,target
500,0.0,840,off-target
500,0.791,840,target
500,0.0,841,off-target
500,0.489,841,target
500,0.0,842,off-target
500,0.891,842,target
500,0.0,843,off-target
500,0.368,843,target
500,0.0,844,off-target
500,0.421,844,target
500,0.0,845,off-target
500,0.7,845,target
500,0.0,846,off-target
500,0.295,846,target
500,0.0,847,off-target
500,0.734,847,target
500,0.0,848,off-target
500,0.158,848,target
500,0.0,849,off-target
500,0.691,849,target
500,0.0,850,off-target
500,0.884,850,target
500,0.0,851,off-target
500,0.758,851,target
500,0.0,852,off-target
500,0.557,852,target
500,0.0,853,off-target
500,0.391,853,target
500,0.0,854,off-target
500,0.161,854,target
500,0.0,855,off-target
500,0.774,855,target
500,0.0,856,off-target
500,0.762,856,target
500,0.0,857,off-target
500,0.718,857,target
500,0.0,858,off-target
500,0.593,858,target
500,0.0,859,off-target
500,0.549,859,target
500,0.0,860,off-target
500,0.134,860,target
500,0.0,861,off-target
500,0.457,861,target
500,0.0,862,off-target
500,0.726,862,target
500,0.0,863,off-target
500,0.002,863,target
500,0.0,864,off-target
500,0.556,864,target
500,0.0,865,off-target
500,0.171,865,target
500,0.0,866,off-target
500,0.426,866,target
500,0.0,867,off-target
500,0.417,867,target
500,0.0,868,off-target
500,0.244,868,target
500,0.0,869,off-target
500,0.869,869,target
500,0.0,870,off-target
500,0.282,870,target
500,0.0,871,off-target
500,0.166,871,target
500,0.0,872,off-target
500,0.431,872,target
500,0.0,873,off-target
500,0.958,873,target
500,0.0,874,off-target
500,0.271,874,target
500,0.0,875,off-target
500,0.065,875,target
500,0.0,876,off-target
500,0.612,876,target
500,0.0,877,off-target
500,0.168,877,target
500,0.0,878,off-target
500,0.424,878,target
500,0.0,879,off-target
500,0.038,879,target
500,0.0,880,off-target
500,0.918,880,target
500,0.0,881,off-target
500,0.644,881,target
500,0.0,882,off-target
500,0.023,882,target
500,0.0,883,off-target
500,0.303,883,target
500,0.0,884,off-target
500,0.259,884,target
500,0.0,885,off-target
500,0.344,885,target
500,0.0,886,off-target
500,0.965,886,target
500,0.0,887,off-target
500,0.202,887,target
500,0.0,888,off-target
500,0.191,888,target
500,0.0,889,off-target
500,0.424,889,target
500,0.0,890,off-target
500,0.904,890,target
500,0.0,891,off-target
500,0.736,891,target
500,0.0,892,off-target
500,0.701,892,target
500,0.0,893,off-target
500,0.904,893,target
500,0.0,894,off-target
500,0.277,894,target
500,0.0,895,off-target
500,0.014,895,target
500,0.0,896,off-target
500,0.817,896,target
500,0.0,897,off-target
500,0.55,897,target
500,0.0,898,off-target
500,0.559,898,target
500,0.0,899,off-target
500,0.143,899,target
500,0.0,900,off-target
500,0.528,900,target
500,0.0,901,off-target
500,0.125,901,target
500,0.0,902,off-target
500,0.539,902,target
500,0.0,903,off-target
500,0.271,903,target
500,0.0,904,off-target
500,0.39,904,target
500,0.0,905,off-target
500,0.668,905,target
500,0.0,906,off-target
500,0.613,906,target
500,0.0,907,off-target
500,0.717,907,target
500,0.0,908,off-target
500,0.304,908,target
500,0.0,909,off-target
500,0.89,909,target
500,0.0,910,off-target
500,0.477,910,target
500,0.0,911,off-target
500,0.011,911,target
500,0.0,912,off-target
500,0.469,912,target
500,0.0,913,off-target
500,0.677,913,target
500,0.0,914,off-target
500,0.915,914,target
500,0.0,915,off-target
500,0.22,915,target
500,0.0,916,off-target
500,0.644,916,target
500,0.0,917,off-target
500,0.986,917,target
500,0.0,918,off-target
500,0.293,918,target
500,0.0,919,off-target
500,0.152,919,target
500,0.0,920,off-target
500,0.047,920,target
500,0.0,921,off-target
500,0.672,921,target
500,0.0,922,off-target
500,0.561,922,target
500,0.0,923,off-target
500,0.879,923,target
500,0.0,924,off-target
500,0.242,924,target
500,0.0,925,off-target
500,0.243,925,target
500,0.0,926,off-target
500,0.363,926,target
500,0.0,927,off-target
500,0.221,927,target
500,0.0,928,off-target
500,0.687,928,target
500,0.0,929,off-target
500,0.917,929,target
500,0.0,930,off-target
500,0.47,930,target
500,0.0,931,off-target
500,0.913,931,target
500,0.0,932,off-target
500,0.114,932,target
500,0.0,933,off-target
500,0.716,933,target
500,0.0,934,off-target
500,0.425,934,target
500,0.0,935,off-target
500,0.496,935,target
500,0.0,936,off-target
500,0.608,936,target
500,0.0,937,off-target
500,0.315,937,target
500,0.0,938,off-target
500,0.009,938,target
500,0.0,939,off-target
500,0.595,939,target
500,0.0,940,off-target
500,0.65,940,target
500,0.0,941,off-target
500,0.811,941,target
500,0.0,942,off-target
500,0.414,942,target
500,0.0,943,off-target
500,0.189,943,target
500,0.0,944,off-target
500,0.578,944,target
500,0.0,945,off-target
500,0.738,945,target
500,0.0,946,off-target
500,0.407,946,target
500,0.0,947,off-target
500,0.625,947,target
500,0.0,948,off-target
500,0.786,948,target
500,0.0,949,off-target
500,0.487,949,target
500,0.0,950,off-target
500,0.792,950,target
500,0.0,951,off-target
500,0.165,951,target
500,0.0,952,off-target
500,0.879,952,target
500,0.0,953,off-target
500,0.992,953,target
500,0.0,954,off-target
500,0.569,954,target
500,0.0,955,off-target
500,0.504,955,target
500,0.0,956,off-target
500,0.093,956,target
500,0.0,957,off-target
500,0.266,957,target
500,0.0,958,off-target
500,0.186,958,target
500,0.0,959,off-target
500,0.392,959,target
500,0.0,960,off-target
500,0.733,960,target
500,0.0,961,off-target
500,0.372,961,target
500,0.0,962,off-target
500,0.232,962,target
500,0.0,963,off-target
500,0.875,963,target
500,0.0,964,off-target
500,0.982,964,target
500,0.0,965,off-target
500,0.182,965,target
500,0.0,966,off-target
500,0.179,966,target
500,0.0,967,off-target
500,0.401,967,target
500,0.0,968,off-target
500,0.267,968,target
500,0.0,969,off-target
500,0.548,969,target
500,0.0,970,off-target
500,0.734,970,target
500,0.0,971,off-target
500,0.094,971,target
500,0.0,972,off-target
500,0.908,972,target
500,0.0,973,off-target
500,0.639,973,target
500,0.0,974,off-target
500,0.944,974,target
500,0.0,975,off-target
500,0.71,975,target
500,0.0,976,off-target
500,0.868,976,target
500,0.0,977,off-target
500,0.972,977,target
500,0.0,978,off-target
500,0.575,978,target
500,0.0,979,off-target
500,0.284,979,target
500,0.0,980,off-target
500,0.698,980,target
500,0.0,981,off-target
500,0.079,981,target
500,0.0,982,off-target
500,0.328,982,target
500,0.0,983,off-target
500,0.273,983,target
500,0.0,984,off-target
500,0.684,984,target
500,0.0,985,off-target
500,0.121,985,target
500,0.0,986,off-target
500,0.245,986,target
500,0.0,987,off-target
500,0.349,987,target
500,0.0,988,off-target
500,0.025,988,target
500,0.0,989,off-target
500,0.539,989,target
500,0.0,990,off-target
500,0.675,990,target
500,0.0,991,off-target
500,0.856,991,target
500,0.0,992,off-target
500,0.178,992,target
500,0.0,993,off-target
500,0.063,993,target
500,0.0,994,off-target
500,0.327,994,target
500,0.0,995,off-target
500,0.536,995,target
500,0.0,996,off-target
500,0.684,996,target
500,0.0,997,off-target
500,0.73,997,target
500,0.0,998,off-target
500,0.251,998,target
500,0.0,999,off-target
500,0.866,999,target
